LATIN NAME|CATALAN NAME|GALICIAN NAME|BASQUE NAME
Cygnus olor|Cigne mut|Cisne Mudo|Beltxarga arrunta
Cygnus columbianus|Cigne petit|Cisne Pequeno|Beltxarga txistularia
Cygnus cygnus|Cigne cantaire|Cisne Bravo|Beltxarga oihularia
Anser fabalis|Oca pradenca|Ganso Campestre|Antzara hankahoria
Anser brachyrhynchus|Oca de bec curt|Ganso Bicocurto|Antzara mokolaburra
Anser albifrons|Oca riallera grossa|Ganso de Testa Branca|Antzara muturzuria
Anser erythropus|Oca riallera petita|Ganso Pequeno|Antzara nanoa
Anser anser|Oca vulgar|Ganso Bravo|Antzara hankagorrizta
Branta canadensis|Oca del Canadà|Ganso do Canadá|Branta kanadarra
Branta leucopsis|Oca de galta blanca|Ganso de Cara Branca|Branta musuzuria
Branta bernicla|Oca de collar|Ganso de Cara Negra|Branta musubeltza
Branta ruficollis|Oca de coll roig|Ganso Paporrubio|
Tadorna ferruginea|Ànec canyella|Pato Canelo|Paita gorrizta
Tadorna tadorna|Ànec blanc|Pato Branco|Paita arrunta
Aix galericulata|Ànec mandarí|Pato Mandarín|Mandarin ahatea
Anas penelope|Ànec xiulador|Asubiador|Ahate txistularia
Anas americana|Ànec xiulador americà|Asubiador Americano|Ahate txistulari amerikarra
Anas strepera|Ànec griset|Pato Frisado|Ipar-ahatea
Anas crecca|Xarxet comú|Cerceta|Zertzeta arrunta
Anas carolinensis|Xarxet de Carolina|Cerceta da Carolina|
Anas platyrhynchos|Ànec collverd|Lavanco|Basahatea
Anas rubripes|Ànec collverd americà|Pato Sombrío|Ahate iluna
Anas acuta|Ànec cuallarg|Pato Rabilongo|Ahate buztanluzea
Anas querquedula|Xarrasclet|Cerceta Albela|Udako zertzeta
Anas discors|Xarxet alablau|Cerceta Aliazul|Zertzeta hegalurdina
Anas clypeata|Ànec cullerot|Cullerete|Ahate mokozabala
Marmaronetta angustirostris|Xarxet marbrenc|Cerceta Parda|Zertzeta marmolairea
Netta rufina|Xibec|Pato Rubio|Ahate gorrizta
Aythya ferina|Morell de cap roig|Pato Chupón|Murgilari arrunta
Aythya collaris|Morell de collar|Pato de Colar|Murgilari lepokoduna
Aythya nyroca|Morell xocolater|Pato Castaño|Murgilari arrea
Aythya fuligula|Morell de plomall|Pato Cristado|Murgilari mottoduna
Aythya marila|Morell buixot|Pato Bastardo|Murgilari handia
Aythya affinis|Morell menut|Pato Bola|Murgilari txikia
Somateria mollissima|Èider|Éider|Eider arrunta
Somateria spectabilis|Èider reial|Éider Real|Eider erregea
Clangula hyemalis|Ànec glacial|Pato Rabeiro|Izotz-ahatea
Melanitta nigra|Ànec negre|Pentumeiro|Ahatebeltz arrunta
Melanitta perspicillata|Ànec negre americà|Pentumeiro Careto|Ahatebeltz kopetazuria
Melanitta fusca|Ànec fosc|Pentumeiro de Ala Branca|Ahatebeltz hegazuria
Bucephala clangula|Morell d'ulls grocs|Ollodourado|Murgilari urrebegia
Mergus albellus|Bec de serra petit|Mergo Pequeno|Zerra txikia
Mergus serrator|Bec de serra mitjà|Mergo Cristado|Zerra ertaina
Mergus merganser|Bec de serra gros|Mergo Grande|Zerra handia
Oxyura jamaicensis|Ànec de Jamaica|Malvasía Americana|Ahate herdoiltsua
Oxyura leucocephala|Ànec capblanc|Malvasía|Ahate buruzuria
Bonasa bonasia|Grèvol|Grévol|Larreoiloa
Lagopus muta|Perdiu blanca|Perdiz das Neves|Lagopodo zuria
Tetrao urogallus|Gall fer|Pita do Monte|Basoilarra
Alectoris rufa|Perdiu roja|Perdiz|Eper gorria
Alectoris barbara|Perdiu d'Àfrica|Perdiz Moura|Afrikar eper
Perdix perdix|Perdiu xerra|Charrela|Eper grisa
Coturnix coturnix|Guatlla|Paspallás|Galeperra
Phasianus colchicus|Faisà|Faisán|Faisai arrunta
Gavia stellata|Calàbria petita|Mobella Pequena|Aliota txikia
Gavia arctica|Calàbria agulla|Mobella Ártica|Aliota arktikoa
Gavia immer|Calàbria grossa|Mobella Grande|Aliota handia
Podilymbus podiceps|Cabusset becgròs|Mergullón Bicogroso|
Tachybaptus ruficollis|Cabusset|Mergullón Pequeno|Txilinporta txikia
Podiceps cristatus|Cabusó emplomallat|Mergullón Cristado|Murgil handia
Podiceps grisegena|Cabusó gris|Mergullón Cincento|Murgil lepagorria
Podiceps auritus|Cabussó orellut|Mergullón Real|Txilinporta urrebelarria
Podiceps nigricollis|Cabussó collnegre|Mergullón de Pescozo Negro|Txilinporta lepabeltza
Thalassarche melanophris|Albatros cellanegre|Albatros Olleirudo|
Fulmarus glacialis|Fulmar|Fulmar|Fulmarra
Pterodroma hasitata|Petrell del Carib||
Bulweria bulwerii|Petrell de Bulwer|Pardela de Bulwer|
Calonectris diomedea|Baldriga cendrosa|Pardela Cincenta|Gabai arrea
Puffinus gravis|Baldriga capnegra|Pardela Encapuchada|Gabai handia
Puffinus griseus|Baldriga grisa|Pardela Escura|Gabai iluna
Puffinus puffinus|Baldriga pufí|Furabuchos Atlántico|Gabai arrunta
Puffinus mauretanicus|Baldriga balear|Furabuchos Balear|
Puffinus yelkouan|Baldriga mediterrània|Furabuchos Mediterráneo|Gabai mediterraneo
Puffinus assimilis|Baldriga petita|Pardela Pequena|
Oceanites oceanicus|Petrell oceànic|Paíño de Wilson|
Pelagodroma marina|Petrell carablanc|Calcamar|Ekaitz-txori musuzuri
Hydrobates pelagicus|Ocell de tempesta|Paíño Pequeno|Ekaitz-txori txikia
Oceanodroma leucorhoa|Petrell cuaforcat|Paíño de Rabo Gallado|Ekaitz-txori handia
Oceanodroma monorhis|Petrell de Swinhoe||
Oceanodroma castro|Petrell de Madeira|Paíño de Madeira|
Phaethon aethereus|Cuajonc de bec roig|Rabixunco|
Sula dactylatra|Mascarell emmascarat|Atobá Grande|
Sula leucogaster|Mascarell bru|Mascato Pardo|
Morus bassanus|Mascarell|Mascato|Zanga
Phalacrocorax carbo|Corb marí gros|Corvo Mariño Grande|Ubarroi handia
Phalacrocorax aristotelis|Corb marí emplomallat|Corvo Mariño Cristado|Ubarroi mottoduna
Phalacrocorax pygmeus|Corb marí pigmeu|Corvo Mariño Pigmeo|
Pelecanus onocrotalus|Pelicà vulgar|Pelicano Branco|Pelikanoa
Fregata magnificens|Fregata grossa|Rabiforcado|
Botaurus stellaris|Bitó comú|Abetouro|Txori zezen arrunta
Botaurus lentiginosus|Bitó americà|Abetouro Americano|
Ixobrychus minutus|Martinet menut|Garza Pequena|Amiltxori txikia
Ixobrychus sturmii|Martinet menut de Sturm||
Nycticorax nycticorax|Martinet de nit|Garza da Noite|Amiltxori arrunta
Ardeola ralloides|Martinet ros|Garza Caranguexeira|Lertxuntxo karramarrozalea
Bubulcus ibis|Esplugabous|Garza Boieira|Lertxuntxo itzaina
Egretta gularis|Martinet dels esculls|Garzota dos Arrecifes|
Egretta garzetta|Martinet blanc|Garzota|Lertxuntxo txikia
Egretta alba|Agró blanc|Garzota Grande|Lertxuntxo handia
Ardea cinerea|Bernat pescaire|Garza Real|Lertxun hauskara
Ardea herodias|Bernat americà||
Ardea purpurea|Agró roig|Garza Vermella|Lertxun gorria
Ciconia nigra|Cigonya negra|Cegoña Negra|Amiamoko beltza
Ciconia ciconia|Cigonya blanca|Cegoña Branca|Amiamoko zuria
Plegadis falcinellus|Capó reial|Mazarico Negro|Beltzarana
Geronticus eremita|Ibis ermità|Ibis Pelado|
Platalea leucorodia|Becplaner|Cullereiro|Mokozabala
Phoenicopterus roseus|Flamenc|Flamingo|Flamenko handia
Pernis apivorus|Aligot vesper|Miñato Abelleiro|Zapelatz liztorjalea
Elanus caeruleus|Esparver d'espatlles negres|Lagarteiro Cincento|Elano urdina
Milvus migrans|Milà negre|Millafre Negro|Miru beltza
Milvus milvus|Milà reial|Millafre Real|Miru gorria
Haliaeetus albicilla|Àguila marina|Pigargo|Itsas arrano buztanzuria
Gypaetus barbatus|Trencalòs|Quebraósos|Ugatza
Neophron percnopterus|Aufrany|Voitre Branco|Sai zuria
Gyps fulvus|Voltor comú|Voitre|Sai arrea
Gyps rueppellii|Voltor de Rüppell|Voitre de Rüpell|Rüppell saia
Torgos tracheliotus|Voltor torgos||
Aegypius monachus|Voltor negre|Voitre Negro|Sai motza
Circaetus gallicus|Àguila marcenca|Aguia Cobreira|Arrano sugezalea
Circus aeruginosus|Arpella vulgar|Tartaraña das Xunqueiras|Zingira-mirotza
Circus cyaneus|Arpella pàl·lida|Gatafornela|Mirotz zuria
Circus macrourus|Arpella pàl·lida russa|Tartaraña de Papo Branco|Mirotz lepazuria
Circus pygargus|Esparver cendrós|Tartaraña Cincenta|Mirotz urdina
Accipiter gentilis|Astor|Azor|Aztore arrunta
Accipiter nisus|Esparver vulgar|Gabián|Gabirai arrunta
Buteo buteo|Aligot comú|Miñato|Zapelatz arrunta
Buteo rufinus|Aligot rogenc|Miñato Mouro|Zapelatz handia
Buteo lagopus|Aligot calçat|Miñato Calzado|Zapelatz galtzaduna
Aquila pomarina|Àguila pomerània|Aguia Pomerana|Arrano pomeaniarra
Aquila clanga|Àguila cridanera|Aguia Manchada|Arrano pikarta
Aquila heliaca|Àguila imperial oriental|Aguia imperial|Eguzki-arranoa
Aquila adalberti|Àguila imperial ibèrica|Aguia Imperial ibérica|Eguzki-arrano iberiarra
Aquila chrysaetos|Àguila daurada|Aguia Real|Arrano beltza
Hieraaetus pennatus|Àguila calçada|Aguia Calzada|Arrano txikia
Hieraaetus fasciatus|Àguila cuabarrada|Aguia Perdigueira|Aztore-arranoa
Pandion haliaetus|Àguila pescadora|Aguia Pescadora|Arrano arrantzalea
Falco naumanni|Xoriguer petit|Lagarteiro das Torres|Etxe belatza
Falco tinnunculus|Xoriguer comú|Lagarteiro|Belatz gorria
Falco vespertinus|Falcó cama-roig|Lagarteiro Patirrubio|Belatz hankagorria
Falco columbarius|Esmerla|Esmerillón|Belatz txikia
Falco subbuteo|Falcó mostatxut|Falcón Pequeno|Zuhaitz-belatza
Falco eleonorae|Falcó de la reina|Falcón da Raíña|Eleonor belatza
Falco biarmicus|Falcó llaner|Alfaneque|Hego-belatza
Falco peregrinus|Falcó pelegrí|Falcón Peregrino|Belatz handia
Falco pelegrinoides|Falcó berber|Falcón de Berbería|
Turnix sylvaticus|Guatlla andalusa|Tourón|
Rallus aquaticus|Rascló|Rascón|Uroilanda handia
Porzana porzana|Polla pintada|Poliña Pinta|Uroilanda pikarta
Porzana carolina|Polla pintada de Carolina|Poliña Americana|
Porzana parva|Rascletó|Poliña Bastarda|Uroilanda hankaberdea
Porzana pusilla|Rasclet|Poliña Pequena|Uroilanda txikia
Crecopsis egregia|Guatlla maresa africana||
Crex crex|Guatlla maresa|Guión de Paspallás|Giloia
Gallinula chloropus|Polla d'aigua|Galiñola|Uroiloa
Porphyrio alleni|Polla blava d'Allen|Camón de Allen|
Porphyrio porphyrio|Polla blava|Camón|Uroilo urdina
Fulica atra|Fotja vulgar|Galiñola Negra|Kopetazuri arrunta
Fulica americana|Fotja americana|Carquexa|
Fulica cristata|Fotja banyuda|Galiñola Cristada|Kopetazuri gandordun
Grus grus|Grua|Grou|Kurrilo arrunta
Grus virgo|Grua damisel·la|Grou Pequeno|
Tetrax tetrax|Sisó|Sisón|Basoilo txikia
Chlamydotis undulata|Hubara|Hubara|
Otis tarda|Pioc salvatge|Avetarda|Basoilo handia
Haematopus ostralegus|Garsa de mar|Gabita|Itsas mika
Haematopus meadewaldoi|Garsa de mar canària||
Himantopus himantopus|Cames llargues|Pernalonga|Zankaluzea
Recurvirostra avosetta|Bec d'alena|Avoceta|Abozeta
Burhinus oedicnemus|Torlit|Alcaraván|Atalarra
Cursorius cursor|Corredor|Corredeira|Hankarin
Glareola pratincola|Perdiu de mar|Perdiz de Mar|Pratinkola
Glareola nordmanni|Perdiu de mar d'ala negra||
Charadrius dubius|Corriol petit|Píllara Pequena|Txirritxo txikia
Charadrius hiaticula|Corriol gros|Píllara Real|Txirritxo handia
Charadrius semipalmatus|Corriol semipalmat|Píllara Semipalmada|
Charadrius vociferus|Corriol cua-roig|Píllara Rabirrubia|
Charadrius pecuarius|Corriol pecuari||
Charadrius alexandrinus|Corriol camanegre|Píllara das Dunas|Txirritxo hankabeltza
Charadrius mongolus|Corriol mongol|Píllara Mongola|
Charadrius leschenaultii|Corriol de Leschenault||
Charadrius morinellus|Corriol pit-roig|Píllara Rubia|Txirri lepokoduna
Pluvialis dominica|Daurada petita americana|Píldora Dourada Americana|
Pluvialis fulva|Daurada petita del Pacífic|Píldora Dourada Siberiana|
Pluvialis apricaria|Daurada grossa|Píldora Dourada|Urre-txirri arrunta
Pluvialis squatarola|Pigre gris|Píldora Cincenta|Txirri grisa
Vanellus gregarius|Fredeluga gregària|Avefría Sociable|
Vanellus leucurus|Fredeluga cuablanca||
Vanellus vanellus|Fredeluga|Avefría|Hegabera
Calidris tenuirostris|Territ de Bering|Pilro de Bering|
Calidris canutus|Territ gros|Pilro Gordo|Txirri lodia
Calidris alba|Territ tresdits|Pilro Tridáctilo|Txirri zuria
Calidris pusilla|Territ semipalmat|Pilro Semipalmado|
Calidris mauri|Territ d'Alaska|Pilro de Maur|
Calidris minuta|Territ menut|Pilro Pequeno|Txirri txikia
Calidris temminckii|Territ de Temminck|Pilro de Temminck|Temminck txirria
Calidris minutilla|Territ menut canadenc|Pilro Minúsculo|
Calidris fuscicollis|Territ cuablanc|Pilro de Bonaparte|
Calidris bairdii|Territ de Baird|Pilro de Baird|
Calidris melanotos|Territ pectoral|Pilro Peitoral|
Calidris acuminata|Territ acuminat||
Calidris ferruginea|Territ becllarg|Pilro Ferruxento|Txirri kurlinta
Calidris himantopus|Territ camallarg|Pilro Patilongo|
Calidris maritima|Territ fosc|Pilro Escuro|Txirri iluna
Calidris alpina|Territ variant|Pilro Común|Txirri arrunta
Limicola falcinellus|Territ becadell|Pilro Falcinelo|Txirri hankalabur
Tryngites subruficollis|Territ rogenc|Pilro Canelo|
Philomachus pugnax|Batallaire|Combatente|Borrokalaria
Lymnocryptes minimus|Becadell sord|Becacina Pequena|Istingor txikia
Gallinago gallinago|Becadell comú|Becacina|Istingor arrunta
Gallinago media|Becadell gros|Becacina Real|Istingor handia
Limnodromus scolopaceus|Tetolet becllarg|Mazarico Escolopáceo|
Scolopax rusticola|Becada|Arcea|Oilagorra
Limosa limosa|Tètol cuanegre|Mazarico Rabinegro|Kuliska buztanbeltza
Limosa lapponica|Tètol cuabarrat|Mazarico Rubio|Kuliska gorria
Numenius phaeopus|Polit cantaire|Mazarico Chiador|Kurlinta bekainduna
Numenius tenuirostris|Polit becfí||Kurlinta mokomehea
Numenius arquata|Becut|Mazarico Real|Kurlinta handia
Bartramia longicauda|Territ cuallarg||
Tringa erythropus|Gamba roja pintada|Bilurico Escuro|Bernagorri iluna
Tringa totanus|Gamba roja vulgar|Bilurico Patirrubio|Bernagorri arrunta
Tringa stagnatilis|Siseta|Bilurico Fino|Urmael-bernagorria
Tringa nebularia|Gamba verda|Bilurico Claro|Kuliska zuria
Tringa melanoleuca|Gamba groga grossa|Bilurico Patiamarelo Grande|
Tringa flavipes|Gamba groga petita|Bilurico Patiamarelo Pequeno|
Tringa ochropus|Xivita|Bilurico Alinegro|Kuliska iluna
Tringa glareola|Valona|Bilurico Bastardo|Kuliska pikarta
Xenus cinereus|Siseta cendrosa|Bilurico do Terek|
Actitis hypoleucos|Xivitona|Bilurico das Rochas|Kuliska txikia
Actitis macularius|Xivitona maculada|Bilurico Maculado|
Arenaria interpres|Remena-rocs|Virapedras|Harri-iraularia
Phalaropus tricolor|Escuraflascons de Wilson|Falaropo de Wilson|
Phalaropus lobatus|Escuraflascons becfí|Falaropo Bicofino|Mendebal-txori mokomehea
Phalaropus fulicarius|Escuraflascons becgròs|Falaropo Bicogroso|Mendebal-txori mokolodia
Stercorarius pomarinus|Paràsit cuaample|Palleira Pomarina|Marikoi isatsbihur
Stercorarius parasiticus|Paràsit cuapunxegut|Palleira Parasita|Marikoi isatslaburra
Stercorarius longicaudus|Paràsit cuallarg|Palleira Rabilonga|Marikoi isatsluze
Stercorarius skua|Paràsit gros|Palleira Grande|Marikoi handi
Larus melanocephalus|Gavina capnegra|Gaivota Cabecinegra|Antxeta burubeltza
Larus atricilla|Gavina capnegra americana|Gaivota Alegre|
Larus pipixcan|Gavina de Franklin|Gaivota de Franklin|
Larus minutus|Gavina menuda|Gaivota Pequena|Antxeta txikia
Larus sabini|Gavineta cuaforcada|Gaivota de Sabine|
Larus philadelphia|Gavina de Bonaparte|Gaivota de Bonaparte|
Larus ridibundus|Gavina vulgar|Gaivota Chorona|Antxeta mokogorria
Larus cirrocephalus|Gavina capgrisa|Gaivota de Cabeza Cincenta|
Larus genei|Gavina capblanca|Gaivota Bicofina|
Larus audouinii|Gavina corsa|Gaivota de Audouin|
Larus delawarensis|Gavina de Delaware|Gaivota de Delaware|
Larus canus|Gavina cendrosa|Gaivota Cana|Kaio mokohoria
Larus fuscus|Gavià fosc|Gaivota Escura|Kaio iluna
Larus argentatus|Gavià argentat de potes rosa|Gaivota Arxéntea|Kaio hauskara
Larus smithsonianus|Gavià argentat americà||
Larus michahellis|Gavià argentat|Gaivota Patiamarela|Kaio hankahoria
Larus glaucoides|Gavinot polar|Gaivota Polar|Kaio hegalzuri
Larus hyperboreus|Gavinot hiperbori|Gaivota Hiperbórea|Ipar-kaio
Larus marinus|Gavinot|Gaivotón|Kaio beltza
Rhodostethia rosea|Gavina rosada||
Rissa tridactyla|Gavineta de tres dits|Gaivota Tridáctila|Antxeta hankabeltza
Sterna nilotica|Curroc|Carrán de Bico Curto|Txenada mokobeltza
Sterna caspia|Xatrac gros|Carrán do Caspio|Txenada mokogorria
Sterna maxima|Xatrac reial|Carrán Real|
Sterna bengalensis|Xatrac bengalí|Carrán Bengalés|
Sterna sandvicensis|Xatrac becllarg|Carrán Cristado|Txenada hankabeltza
Sterna elegans|Xatrac elegant|Carrán Elegante|
Sterna dougallii|Xatrac rosat|Carrán Rosado|Txenada gorrizta
Sterna hirundo|Xatrac comú|Carrán Común|Txenada arrunta
Sterna paradisaea|Xatrac àrtic|Carrán Ártico|Ipar-txenada
Sterna forsteri|Xatrac de Forster|Carrán de Forster|
Sterna fuscata|Xatrac fosc|Carrán Escuro|
Sterna albifrons|Xatrac menut|Carrán Pequeno|Txenada txikia
Chlidonias hybrida|Fumarell carablanc|Gaivina de Cara Branca|Itsas enara musuzuria
Chlidonias niger|Fumarell negre|Gaivina Negra|Itsas enara beltza
Chlidonias leucopterus|Fumarell alablanc|Gaivina de Ala Branca|Itsas enara hegalzuria
Uria aalge|Somorgollaire|Arao|Martin arrunta
Alca torda|Gavot|Carolo|Pottorro arrunta
Pterocles orientalis|Xurra|Cortizol Común|Ganga azpibeltza
Pterocles alchata|Ganga|Ganga|Ganga azpizuria
Syrrhaptes paradoxus|Ganga estepària|Ganga de Pallas|
Columba livia|Colom roquer|Pomba das Rochas|Haitz-usoa
Columba oenas|Xixella|Pombo Pequeno|Txoloma
Columba palumbus|Tudó|Pombo Torcaz|Pagausoa
Columba bollii|Colom canari de Bolle||Bolle pagauso
Columba junoniae|Xixella canària||Ereinotz-uso
Streptopelia roseogrisea|Tórtora de collar|Rula de Colar|
Streptopelia decaocto|Tórtora turca|Rula Turca|Usapal turkiarra
Streptopelia turtur|Tórtora|Rula Común|Usapala
Streptopelia orientalis|Tórtora rogenca||
Streptopelia senegalensis|Tórtora del Senegal||
Psittacula krameri|Cotorra de Kramer|Catorra de Kramer|
Myiopsitta monachus|Cotorreta de pit gris|Cata|
Clamator glandarius|Cucut reial|Cuco Real|Kuku mottoduna
Cuculus canorus|Cucut|Cuco|Kukua
Coccyzus americanus|Cucut becgroc||
Tyto alba|Òliba|Curuxa|Hontza zuria
Otus scops|Xot|Moucho de Orellas|Apo-hontza
Bubo bubo|Duc|Bufo Real|Hontza handia
Athene noctua|Mussol comú|Moucho|Mozoloa
Strix aluco|Gamarús|Avelaiona|Urubia
Asio otus|Mussol banyut|Bufo Pequeno|Hontza ertaina
Asio flammeus|Mussol emigrant|Curuxa das Xunqueiras|Zingira-hontza
Asio capensis|Mussol gregari|Curuxa Moura|
Aegolius funereus|Mussol pirinenc|Moucho de Tengmalm|Tengmalm hontza
Caprimulgus europaeus|Enganyapastors|Avenoiteira Cincenta|Zata arrunta
Caprimulgus ruficollis|Siboc|Avenoiteira Papuda|Zata lepagorria
Chordeiles minor|Enganyapastors americà||
Hirundapus caudacutus|Falciot espinós|Andoriñón Mongol|
Chaetura pelagica|Falciot de xemeneia||
Apus melba|Ballester|Andoriñón Real|Malkar-sorbeltza
Apus unicolor|Falciot unicolor|Cirrio Unicolor|Sorbeltz unikolore
Apus apus|Falciot negre|Cirrio|Sorbeltz arrunta
Apus pallidus|Falciot pàl lid|Cirrio Pálido|Sorbeltz arre
Apus caffer|Falciot culblanc africà|Cirrio Cafre|
Apus affinis|Falciot culblanc comú|Cirrio Pequeno|
Alcedo atthis|Blauet|Picapeixe|Martin arrantzalea
Merops persicus|Abellerol gola-roig|Abellaruco de Cara Azul|
Merops apiaster|Abellerol|Abellaruco|Erlatxoria
Coracias garrulus|Gaig blau|Rolieiro|Karraka
Upupa epops|Puput|Bubela|Argi-oilarra
Jynx torquilla|Colltort|Peto Formigueiro|Lepitzulia
Picus viridis|Picot verd|Peto Verde|Okil berdea
Dryocopus martius|Picot negre|Peto Negro|Okil beltza
Dendrocopos major|Picot garser gros|Peto Real|Okil handia
Dendrocopos medius|Picot garser mitjà|Peto Mediano|Okil ertaina
Dendrocopos leucotos|Picot garser dorsiblanc|Peto de Dorso Branco|Okil gibelnabarra
Dendrocopos minor|Picot garser petit|Peto Pequeno|Okil txikia
Ammomanes cinctura|Terrerola cuabarrada||
Alaemon alaudipes|Alosa puput||
Chersophilus duponti|Alosa becuda|Calandra de Dupont|Portugal-ko pirripioa
Melanocorypha calandra|Calàndria|Calandra Real|Kalandria
Calandrella brachydactyla|Terrerola vulgar|Calandriña|Txoriandre arrunta
Calandrella rufescens|Terrerola rogenca|Calandriña das Marismas|Txoriandre pispoleta
Galerida cristata|Cogullada vulgar|Cotovía Cristada|Kutturlio arrunta
Galerida theklae|Cogullada fosca|Cotovía Montesa|Kutturlio mokolaburra
Lullula arborea|Cotoliu|Cotovía Pequena|Pirripioa
Alauda arvensis|Alosa vulgar|Laverca|Hegatxabal arrunta
Eremophila alpestris|Alosa banyuda|Laverca Cornuda|
Riparia riparia|Oreneta de ribera|Andoriña das Barreiras|Uhalde-enara
Ptyonoprogne rupestris|Roquerol|Andoriña dos Penedos|Haitz-enara
Hirundo rustica|Oreneta vulgar|Andoriña|Enara arrunta
Hirundo daurica|Oreneta cua-rogenca|Andoriña Dáurica|Enara ipurgorria
Delichon urbicum|Oreneta cuablanca|Andoriña de Cu Branco|Enara azpizuria
Anthus richardi|Piula grossa|Pica de Richard|
Anthus campestris|Trobat|Pica Campestre|Landa-txirta
Anthus berthelotii|Piula de Berthelot|Pica Canaria|Kanariar txirta
Anthus hodgsoni|Piula de Hodgson|Pica de Hodgson|
Anthus trivialis|Piula dels arbres|Pica das Árbores|Uda-txirta
Anthus pratensis|Titella|Pica dos Prados|Negu-txirta
Anthus cervinus|Piula gola-roja|Pica de Gorxa Rubia|Txirta lepagorria
Anthus spinoletta|Grasset de muntanya|Pica Alpina|Mendi-txirta
Anthus petrosus|Grasset de costa|Pica Costeira|Itsas txirta
Motacilla flava|Cuereta groga|Lavandeira Marela|Larre-buztanikara
Motacilla citreola|Cuereta citrina|Lavandeira Citrina|Buztanikara zitrino
Motacilla cinerea|Cuereta torrentera|Lavandeira Real|Buztanikara horia
Motacilla alba|Cuereta blanca|Lavandeira Branca|Buztanikara zuria
Pycnonotus barbatus|Bulbul barbat|Bulbul|
Bombycilla garrulus|Ocell sedós|Picoteiro|Buztanoria
Cinclus cinclus|Merla d'aigua|Merlo Rieiro|Ur-zozoa
Troglodytes troglodytes|Cargolet|Carriza|Txepetxa
Dumetella carolinensis|Ocell gat||
Prunella modularis|Pardal de bardissa|Azulenta|Tuntun arrunta
Prunella collaris|Cercavores|Azulenta Alpina|Mendi-tuntuna
Cercotrichas galactotes|Cuaenlairat|Rousinol do Mato|Buztantente
Erithacus rubecula|Pit-roig|Paporrubio|Txantxangorria
Luscinia megarhynchos|Rossinyol|Rousinol|Urretxindorra
Luscinia svecica|Cotxa blava|Papoazul|Paparrurdina
Luscinia cyane|Rossinyol blau||
Tarsiger cyanurus|Cotxa cuablava||
Phoenicurus ochruros|Cotxa fumada|Rabirrubio|Buztangorri iluna
Phoenicurus phoenicurus|Cotxa cua-roja|Rabirrubio de Testa Branca|Buztangorri argia
Phoenicurus moussieri|Cotxa diademada|Rabirrubio Diademado|
Saxicola rubetra|Bitxac rogenc|Chasco Norteño|Pitxartxar nabarra
Saxicola dacotiae|Bitxac canari|Chasco Canario|Kanariar pitxartxar
Saxicola torquatus|Bitxac comú|Chasco Común|Pitxartxar burubeltza
Oenanthe oenanthe|Còlit gris|Pedreiro Cincento|Buztanzuri arrunta
Oenanthe hispanica|Còlir ros|Pedreiro Rubio|Buztanzuri horia
Oenanthe deserti|Còlit del desert|Pedreiro do Deserto|
Oenanthe leucura|Còlit negre|Pedreiro Negro|Buztanzuri beltza
Monticola saxatilis|Merla roquera|Merlo Rubio|Harkaitz-zozo gorria
Monticola solitarius|Merla blava|Merlo Azul|Harkaitz-zozo urdina
Turdus torquatus|Merla de pit blanc|Merlo Papobranco|Zozo paparzuria
Turdus merula|Merla|Merlo|Zozo arrunta
Turdus ruficollis|Tord golanegre||
Turdus pilaris|Griva cerdana|Tordo Real|Durdula
Turdus philomelos|Tord comú|Tordo Común|Birigarro arrunta
Turdus iliacus|Tord ala-roig|Tordo Rubio|Birigarro txikia
Turdus viscivorus|Griva cerdana|Tordo Charlo|Garraztarroa
Turdus migratorius|Griva americana||
Cettia cetti|Rossinyol bord|Rousinol Bravo|Errekatxindorra
Cisticola juncidis|Trist|Carriza dos Xuncos|Ihi-txoria
Locustella naevia|Boscaler pintat gros|Folosa Manchada|Benarriz nabarra
Locustella luscinioides|Boscaler comú|Folosa Unicolor|Benarriz gorrizta
Acrocephalus melanopogon|Boscarla mostatxuda|Folosa Real|Benarriz kaskabeltza
Acrocephalus paludicola|Boscarla d'aigua|Folosa Acuática|Ur-benarriza
Acrocephalus schoenobaenus|Boscarla dels joncs|Folosa dos Xuncos|Benarriz arrunta
Acrocephalus agricola|Boscarla dels arrossars||
Acrocephalus dumetorum|Boscarla dels matolls|Folosa de Blyth|
Acrocephalus palustris|Boscarla menjamosquits|Folosa Palustre|Zingira-lezkari
Acrocephalus scirpaceus|Boscarla de canyar|Folosa das Canaveiras|Lezkari arrunta
Acrocephalus arundinaceus|Balquer|Folosa Grande|Lezkari karratxina
Hippolais opaca|Bosqueta pàl·lida occidental|Folosa Pálida|Sasi-txori zurizta
Hippolais icterina|Bosqueta icterina|Folosa Icterina|Sasi-txori horizta
Hippolais polyglotta|Bosqueta vulgar|Folosa Amarela|Sasi-txori arrunta
Sylvia sarda|Tallareta sarda|Papuxa Sarda|Txinbo sardiniarra
Sylvia balearica|Tallareta balear||
Sylvia undata|Tallareta cuallarga|Papuxa do Mato|Etze-txinboa
Sylvia deserticola|Tallareta del desert||
Sylvia conspicillata|Tallarol trencamates|Papuxa Tomiñeira|Ezkai-txinboa
Sylvia cantillans|Tallarol de garriga|Papuxa Carrasqueira|Txinbo papargorrizta
Sylvia melanocephala|Tallarol capnegre|Papuxa Cabecinegra|Txinbo burubeltza
Sylvia deserti|Tallareta pàl·lida africana||
Sylvia hortensis|Tallarol emmascarat|Papuxa Real|Zozo-txinboa
Sylvia nisoria|Tallarol esparverenc|Papuxa Gabián|Txinbo gabirai
Sylvia curruca|Tallarol xerraire|Papuxa Cincenta|Sasi-txinbotxo
Sylvia communis|Tallareta vulgar|Papuxa Común|Sasi-txinboa
Sylvia borin|Tallarol gros|Papuxa Picafollas|Baso-txinboa
Sylvia atricapilla|Tallarol de casquet|Papuxa das Amoras|Txinbo kaskabeltza
Phylloscopus trochiloides|Mosquiter verdós|Picafollas Troquiloide|
Phylloscopus proregulus|Mosquiter reietó|Picafollas de Pallas|
Phylloscopus inornatus|Mosquiter de doble ratlla|Picafollas Bilistado|Txio marrabiko
Phylloscopus schwarzi|Mosquiter de Schwarz||
Phylloscopus fuscatus|Mosquiter fosc|Picafollas Sombrío|Txio arre
Phylloscopus bonelli|Mosquiter pàl·lid|Picafollas de Bonelli|Txio lepazuria
Phylloscopus sibilatrix|Mosquiter xiulaire|Picafollas Asubiador|Txio txistularia
Phylloscopus canariensis|Mosquiter canari||
Phylloscopus ibericus|Mosquiter ibèric|Picafollas Ibérico|
Phylloscopus collybita|Mosquiter comú|Picafollas Común|Txio arrunta
Phylloscopus trochilus|Mosquiter de passa|Picafollas Musical|Txio horia
Regulus regulus|Reietó|Estreliña do Norte|Mendi-erregetxoa
Regulus ignicapilla|Bruel|Estreliña Riscada|Erregetxo bekainzuria
Muscicapa striata|Papamosques gris|Papamoscas Cincento|Euli-txori grisa
Ficedula parva|Papamosques menut|Papamoscas Paporrubio|
Ficedula albicollis|Papamosques de collar|Papamoscas de Colar|Euli-txori lepazuri
Ficedula hypoleuca|Mastegatatxes|Papamoscas Negro|Euli-txori beltza
Panurus biarmicus|Mallerenga de bigotis|Ferreiriño de Bigote|Tximutxa
Leiothrix lutea|Rossinyol del Japó||
Aegithalos caudatus|Mallerenga cuallarga|Ferreiriño Rabilongo|Buztanluzea
Parus palustris|Mallerenga d'aigua|Ferreiriño Palustre|Kaskabeltz txikia
Parus cristatus|Mallerenga emplomallada|Ferreiriño Cristado|Amilotx mottoduna
Parus ater|Mallerenga petita|Ferreiriño Negro|Pinu-kaskabeltza
Parus teneriffae|Mallerenga africana||
Parus caeruleus|Mallerenga blava|Ferreiriño Azul|Amilotx urdina
Parus major|Mallerenga carbonera|Ferreiriño Real|Kaskabeltz handia
Sitta europaea|Pica-soques blau|Gabeador Azul|Garrapoa
Tichodroma muraria|Pela-roques|Gabeador Vermello|Harkaitz-txoria
Certhia familiaris|Raspinell pirinenc|Gabeador Norteño|Basoetako gerri-txoria
Certhia brachydactyla|Raspinell comú|Gabeador Común|Gerri-txori arrunta
Remiz pendulinus|Teixidor|Ferreiriño de Cara Negra|Dilindaria
Oriolus oriolus|Oriol|Ouriolo|Urretxoria
Tchagra senegalus|Txagra capnegra||
Lanius isabellinus|Capsigrany pàl·lid|Picanzo Isabel|
Lanius collurio|Escorxador|Picanzo Vermello|Antzandobi arrunta
Lanius minor|Trenca|Picanzo Pequeno|Antzandobi txiki
Lanius excubitor|Botxí septentrional|Picanzo Real Setentrional|
Lanius meridionalis|Botxí meridional|Picanzo Real Meridional|Antzandobi handia
Lanius senator|Capsigrany|Picanzo Cabecirrubio|Antzandobi kaskagorria
Lanius nubicus|Capsigrany emmascarat|Picanzo Nubio|Antzandobi mozorrotu
Garrulus glandarius|Gaig|Gaio|Eskinosoa
Cyanopica cyanus|Garsa blava|Pega Azul|Mika urdina
Pica pica|Garsa|Pega|Mika
Nucifraga caryocatactes|Trencanous|Quebranoces|Intxaurjale
Pyrrhocorax graculus|Gralla de bec groc|Choia de Bico Amarelo|Belatxinga mokohoria
Pyrrhocorax pyrrhocorax|Gralla de bec vermell|Choia|Belatxinga mokogorria
Corvus monedula|Gralla|Gralla Pequena|Bele txikia
Corvus frugilegus|Graula|Gralla Grande|Ipar-belea
Corvus corone|Cornella|Corvo Pequeno|Belabeltza
Corvus corax|Corb|Corvo Grande|Erroia
Sturnus vulgaris|Estornell vulgar|Estorniño Pinto|Araba zozo pikarta
Sturnus unicolor|Estornell negre|Estorniño Negro|Araba zozo beltza
Sturnus roseus|Estornell rosat|Estorniño Rosado|
Passer domesticus|Pardal comú|Pardal|Etxe-txolarrea
Passer hispaniolensis|Pardal de passa|Pardal Mouro|Txolarre ilun
Passer montanus|Pardal xarrec|Pardal Montés|Landa-txolarrea
Petronia petronia|Pardal roquer|Pardal das Rochas|Harkaitz-txolarrea
Montifringilla nivalis|Pardal d'ala blanca|Pardal Alpino|Elur-txonta
Estrilda astrild|Bec de corall senegalès|Bico de Coral Común|
Amandava amandava|Múnia roig|Bengalí Vermello|
Vireo olivaceus|Viri d'ull vermell||
Fringilla coelebs|Pinsà comú|Pimpín|Txonda arrunta
Fringilla teydea|Pinsà blau|Pimpín Azul|Txonta urdin
Fringilla montifringilla|Pinsà mec|Pimpín do Norte|Negu-txonta
Serinus serinus|Gafarró|Xirín|Txirriskil arrunta
Serinus canaria|Canari|Canario|Kanario
Serinus citrinella|Llucareta|Verderolo Serrano|Mendi-txirriskila
Carduelis chloris|Verdum|Verderolo|Txorru arrunta
Carduelis carduelis|Cadernera|Xílgaro|Karnaba
Carduelis spinus|Lluer|Úbalo|Tarina
Carduelis cannabina|Passerell|Liñaceiro|Txoka arrunta
Carduelis flavirostris|Passerell becgroc|Liñaceiro de Bico Amarelo|Txoka mokoria
Carduelis flammea|Passerell golanegre|Liñaceiro Paponegro|Txoka gorritza
Loxia curvirostra|Trencapinyes|Cruzabico|Mokokerra
Bucanetes githagineus|Pinsà trompeter|Trompeteiro|Gailupa tronpetari
Carpodacus erythrinus|Pinsà carminat|Pimpín Carmíneo|Gailupa karmin
Pyrrhula pyrrhula|Pinsà borroner|Cardeal|Gailupa
Coccothraustes coccothraustes|Durbec|Bicogroso|Mokolodia
Dendroica coronata|Bosquerola coronada||
Seiurus motacilla|Bosquerola de Louisiana||
Calcarius lapponicus|Repicatalons de Lapònia|Escribenta Lapona|Ipar-berdantza
Plectrophenax nivalis|Sit blanc|Escribenta das Neves|Elur-berdantza
Emberiza leucocephalos|Sit capblanc|Escribenta de Gmelin|
Emberiza citrinella|Verderola|Escribenta Amarela|Berdantza horia
Emberiza cirlus|Gratapalles|Escribenta Común|Hesi-berdantza
Emberiza cia|Sit negre|Escribenta Riscada|Mendi-berdantza
Emberiza hortulana|Hortolà|Escribenta Hortelá|Miarritza
Emberiza rustica|Repicatalons rústic|Escribenta Rústica|
Emberiza pusilla|Repicatalons petit|Escribenta Pigmea|Txiki-berdantza
Emberiza aureola|Sit caranegre|Escribenta Aureolada|
Emberiza schoeniclus|Repicatalons|Escribenta das Canaveiras|Zingira-berdantza
Emberiza melanocephala|Sit capnegre|Escribenta Cabecinegra|Berdantza burubeltz
Emberiza calandra|Cruixidell|Trigueirón|Gari-berdantza
Dendrocygna viduata|Ànec arbori de cara blanca|Ireré|Zuhaitz-ahate musuzuria
Dendrocygna bicolor|Ànec arbori bicolor|Cerceta Caneleira|Zuhaitz-ahate kolore bikoa
Anser caerulescens|Oca de les neus|Ganso das Neves|Elur-antzara
Aix sponsa|Ànec carolí||Ahate karolinarra
Anas falcata|Xarxet falcat|Pato Falcado|Igitai-ahatea
Anas formosa|Xarxet del Baikal|Cerceta do Baikal|Zertzeta baikaldarra
Anas cyanoptera|Xarxet canyella||Zertzeta kanelakara
Bucephala albeola|Morell capblanc|Ollodourado de Touca|Murgilari buruzuria
Bucephala islandica|Morell d'Islàndia|Ollodourado Islandés|Murgilari islandiarra
Mergus cucullatus|Bec de serra coronat||
Pelecanus rufescens|Pelicà rosat||
Mycteria ibis|Tàntal africà||
Leptoptilos crumeniferus|Marabú africà|Marabú|Marabua
Platalea alba|Becplaner africà|Cullereiro Africano|
Phoenicopterus minor|Flamenc menut|Flamingo Pequeno|Flamenko nanoa
Elanoides forficatus|Esparver cuaforcat||Elano mir-buztanduna
Larus glaucescens|Gavià glauc||
Emberiza cioides|Sit mostatxut||
Emberiza sahari|Sit de vila||
Emberiza bruniceps|Sit cara-roig|Escribenta de Cara Vermella|
Aquila fasciata|Àliga cuabarrada|Aguia perdiceira|Aztore-arrano
Histrionicus histrionicus|Ànec arlequí||Ahate arlekin
Loxia leucoptera|Trencapinyes d'ala blanca||Mokoker hegalzuri
Loxia scotica|Trencapinyes escocès||Eskoziar mokoker
Loxia pytyopsittacus|Trencapinyes becgròs||Mokoker papagai
Emberiza caesia|Hortolà cendrós||Berdantza hauskara
Glaucidium passerinum|Mussol menut|Moucho pequeno|Mozolo txiki
Strix uralensis|Gamarús dels Urals|Avelaiona dos Urais|Uraletako urubi
Surnia ulula|Mussol esparverenc|Curuxa gabián|Hontz gabirai
Strix nebulosa|Gamarús de Lapònia|Avelaiona lapona|Laponiako urubi
Corvus cornix|Cornella emmantellada||Bele txanodun
Pinicola enucleator|Pinsà dels pins||Pinu-gailupa
Polysticta stelleri|Èider de Steller||Polysticta stelleri
Accipiter brevipes|Esparver grec|Gabián grego|Greziar gabirai
Chrysolophus amherstiae|Faisà de Lady Amherst||
Chrysolophus pictus|Faisà daurat||
Falco rusticolus|Falcó grifó|Falcón albar|Ipar-belatz
Falco cherrug|Falcó sacre|Falcón sacre|Sakre belatz
Sylvia rueppelli|Tallarol golanegre||Txinbo paparbeltz
Ficedula semitorquata|Papamosques de mig collar||
Ardea alba|Agró blanc|Garza branca|Koartzatxo handi
Cepphus grylle|Somorgollaire alablanc||Martin hegalzuri
Uria lomvia|Somorgollaire de Brünnich||Ipar-martin
Bubo scandiacus|Duc blanc|Bufo nival|Elur-hontz
Hippolais olivetorum|Busqueta dels olivers||Sasi-txori handi
Hippolais pallida|Bosqueta pàl lida oriental||
Threskiornis aethiopicus|Ibis sagrat||Ibis sakratu
Lagopus lagopus|Perdiu d'Escandinàvia||Eskandinaviar lagopodo
Locustella fluviatilis|Boscaler fluvial||Ibai-benarriz
Fratercula arctica|Fraret atlàntic||Lanperna-musu
Alle alle|Gavotí||Pottorro txiki
Poecile montanus|Mallerenga capnegra||Ipar-kaskabeltz
Poecile cinctus|Mallerenga de Lapònia||Laponiako kaskabeltz
Poecile lugubris|Mallerenga fosca||Kaskabeltz ilun
Perisoreus infaustus|Gaig siberià||
Xema sabini|Gavineta cuaforcada||
Alopochen aegyptiaca|Oca egípcia|Ganso de Exipto|Egiptoar antzara
Pelecanus crispus|Pelicà cresp||Pelikano ilebihurri
Alectoris graeca|Perdiu de roca|Perdiz grega|Greziar eper
Alectoris chukar|Perdiu chukar||Turkiar eper
Pterodroma madeira|Petrell freira||Madeirako petrel
Picus canus|Picot cendrós||Okil gris
Dendrocopos syriacus|Picot garser siríac||
Picoides tridactylus|Picot tridàctil||Okil hiruhatz
Columba trocaz|Colom de Madeira||Trokaz pagauso
Gavia adamsii|Calàbria de bec blanc||Aliota mokozuri
Phylloscopus borealis|Mosquiter boreal||Ipar-txio
Regulus teneriffae|Reietó||Mendi-erregetxoa
Luscinia luscinia|Rossinyol rus||Errusiar urretxindor
Sitta whiteheadi|Pica-soques cors||Korsikar garrapo
Sitta neumayer|Pica-soques roquer||Haitz-garrapo
Carduelis hornemanni|Passerell carpó-blanc||
Lyrurus tetrix|Gall de cua forcada||Lira-oilar
Oenanthe isabellina|Còlit pàl lid||Isabeldar buztanzuri
Oenanthe pleschanka|Còlit de pit negre||
Vanellus spinosus|Fredeluga esperonada||Hegabera ezproidun
Pastor roseus|Estornell rosat||
Ichthyaetus audouinii|Gavina corsa||Audouin kaio
